{
	"info": {
		"_postman_id": "b144da30-ebbb-418b-869a-9e5aef68b3b8",
		"name": "endpointInventarisSarpra",
		"schema": "https://schema.getpostman.com/json/collection/v2.1.0/collection.json"
	},
	"item": [
		{
			"name": "Login",
			"request": {
				"auth": {
					"type": "apikey",
					"apikey": [
						{
							"key": "value",
							"value": "",
							"type": "string"
						},
						{
							"key": "key",
							"value": "authorization",
							"type": "string"
						},
						{
							"key": "in",
							"value": "header",
							"type": "string"
						}
					]
				},
				"method": "POST",
				"header": [
					{
						"key": "Content-Type",
						"name": "Content-Type",
						"value": "application/x-www-form-urlencoded",
						"type": "text"
					},
					{
						"key": "Content-Type",
						"value": "application/json",
						"type": "text"
					}
				],
				"body": {
					"mode": "urlencoded",
					"urlencoded": [
						{
							"key": "email",
							"value": "root",
							"type": "text"
						},
						{
							"key": "password",
							"value": "root",
							"type": "text"
						}
					],
					"options": {
						"raw": {
							"language": "json"
						}
					}
				},
				"url": {
					"raw": "localhost:4000/api/user/login",
					"host": [
						"localhost"
					],
					"port": "4000",
					"path": [
						"api",
						"user",
						"login"
					]
				}
			},
			"response": []
		},
		{
			"name": "Register user",
			"request": {
				"auth": {
					"type": "apikey",
					"apikey": [
						{
							"key": "value",
							"value": "",
							"type": "string"
						},
						{
							"key": "key",
							"value": "authorization",
							"type": "string"
						},
						{
							"key": "in",
							"value": "header",
							"type": "string"
						}
					]
				},
				"method": "POST",
				"header": [
					{
						"key": "Content-Type",
						"name": "Content-Type",
						"value": "application/x-www-form-urlencoded",
						"type": "text"
					},
					{
						"key": "Content-Type",
						"value": "application/json",
						"type": "text"
					}
				],
				"body": {
					"mode": "urlencoded",
					"urlencoded": [
						{
							"key": "email",
							"value": "anjas",
							"type": "text"
						},
						{
							"key": "password",
							"value": "anjas",
							"type": "text"
						},
						{
							"key": "class",
							"value": "XI",
							"type": "text"
						},
						{
							"key": "username",
							"value": "anjas",
							"type": "text"
						}
					],
					"options": {
						"raw": {
							"language": "json"
						}
					}
				},
				"url": {
					"raw": "localhost:4000/api/user/user",
					"host": [
						"localhost"
					],
					"port": "4000",
					"path": [
						"api",
						"user",
						"user"
					]
				}
			},
			"response": []
		},
		{
			"name": "Edit user (user)",
			"request": {
				"auth": {
					"type": "apikey",
					"apikey": [
						{
							"key": "value",
							"value": "",
							"type": "string"
						},
						{
							"key": "key",
							"value": "authorization",
							"type": "string"
						},
						{
							"key": "in",
							"value": "header",
							"type": "string"
						}
					]
				},
				"method": "PATCH",
				"header": [
					{
						"key": "Content-Type",
						"name": "Content-Type",
						"value": "application/x-www-form-urlencoded",
						"type": "text"
					},
					{
						"key": "Content-Type",
						"value": "application/json",
						"type": "text"
					}
				],
				"body": {
					"mode": "urlencoded",
					"urlencoded": [
						{
							"key": "email",
							"value": "anjasi",
							"type": "text"
						},
						{
							"key": "password",
							"value": "anjasi",
							"type": "text"
						},
						{
							"key": "class",
							"value": "X",
							"type": "text"
						},
						{
							"key": "username",
							"value": "anjasi",
							"type": "text"
						}
					],
					"options": {
						"raw": {
							"language": "json"
						}
					}
				},
				"url": {
					"raw": "localhost:4000/api/user/edit",
					"host": [
						"localhost"
					],
					"port": "4000",
					"path": [
						"api",
						"user",
						"edit"
					]
				}
			},
			"response": []
		},
		{
			"name": "Lihat user (admin)",
			"protocolProfileBehavior": {
				"disableBodyPruning": true
			},
			"request": {
				"auth": {
					"type": "apikey",
					"apikey": [
						{
							"key": "value",
							"value": "",
							"type": "string"
						},
						{
							"key": "key",
							"value": "authorization",
							"type": "string"
						},
						{
							"key": "in",
							"value": "header",
							"type": "string"
						}
					]
				},
				"method": "GET",
				"header": [
					{
						"key": "Content-Type",
						"name": "Content-Type",
						"value": "application/x-www-form-urlencoded",
						"type": "text"
					},
					{
						"key": "Content-Type",
						"value": "application/json",
						"type": "text"
					}
				],
				"body": {
					"mode": "urlencoded",
					"urlencoded": [
						{
							"key": "email",
							"value": "root",
							"type": "text"
						},
						{
							"key": "password",
							"value": "root",
							"type": "text"
						}
					],
					"options": {
						"raw": {
							"language": "json"
						}
					}
				},
				"url": {
					"raw": "localhost:4000/api/user/user",
					"host": [
						"localhost"
					],
					"port": "4000",
					"path": [
						"api",
						"user",
						"user"
					]
				}
			},
			"response": []
		},
		{
			"name": "Delete user (admin)",
			"request": {
				"auth": {
					"type": "apikey",
					"apikey": [
						{
							"key": "value",
							"value": "eyJhbGciOiJIUzI1NiIsInR5cCI6IkpXVCJ9.eyJyZXN1bHQiOnsidXNlcm5hbWUiOiJyb290IiwiZW1haWwiOiJyb290IiwiaWRfdXNlciI6MH0sImlhdCI6MTU4MzQxNDI0MywiZXhwIjoxNTgzNDE3ODQzfQ.f5vTLmvr6KJbJhTmpOkzFe0O8AgCEJTgvE1Hptab1KU",
							"type": "string"
						},
						{
							"key": "key",
							"value": "authorization",
							"type": "string"
						},
						{
							"key": "in",
							"value": "header",
							"type": "string"
						}
					]
				},
				"method": "DELETE",
				"header": [
					{
						"key": "Content-Type",
						"name": "Content-Type",
						"value": "application/x-www-form-urlencoded",
						"type": "text"
					},
					{
						"key": "Content-Type",
						"value": "application/json",
						"type": "text"
					}
				],
				"body": {
					"mode": "urlencoded",
					"urlencoded": [
						{
							"key": "email",
							"value": "root",
							"type": "text"
						},
						{
							"key": "password",
							"value": "root",
							"type": "text"
						}
					],
					"options": {
						"raw": {
							"language": "json"
						}
					}
				},
				"url": {
					"raw": "localhost:4000/api/user/delete/14",
					"host": [
						"localhost"
					],
					"port": "4000",
					"path": [
						"api",
						"user",
						"delete",
						"14"
					]
				}
			},
			"response": []
		},
		{
			"name": "Tambah inventaris (admin)",
			"request": {
				"auth": {
					"type": "apikey",
					"apikey": [
						{
							"key": "value",
							"value": "eyJhbGciOiJIUzI1NiIsInR5cCI6IkpXVCJ9.eyJyZXN1bHQiOnsidXNlcm5hbWUiOiJyb290IiwiZW1haWwiOiJyb290IiwiaWRfdXNlciI6MH0sImlhdCI6MTU4MzQxNTY1MSwiZXhwIjoxNTgzNDE5MjUxfQ.7KrpesKNvQaB02dmIOu1ZX-X9CSdq7QlKZAfWlfnA9Y",
							"type": "string"
						},
						{
							"key": "key",
							"value": "authorization",
							"type": "string"
						},
						{
							"key": "in",
							"value": "header",
							"type": "string"
						}
					]
				},
				"method": "POST",
				"header": [
					{
						"key": "Content-Type",
						"name": "Content-Type",
						"value": "application/json",
						"type": "text"
					},
					{
						"key": "Content-Type",
						"value": "application/json",
						"type": "text"
					}
				],
				"body": {
					"mode": "raw",
					"raw": "[\n\t{\n\t\t\"name\": \"Speaker\",\n\t\t\"desk\": \"Something to hear\",\n\t\t\"stats\": \"Hanya Pinjam\",\n\t\t\"stok\": 10\n\t},\n\t{\n\t\t\"name\": \"Terminal\",\n\t\t\"desk\": \"Share power\",\n\t\t\"stats\": \"Hanya Pinjam\",\n\t\t\"stok\": 15\n\t}\n]",
					"options": {
						"raw": {
							"language": "json"
						}
					}
				},
				"url": {
					"raw": "localhost:4000/api/user/inv",
					"host": [
						"localhost"
					],
					"port": "4000",
					"path": [
						"api",
						"user",
						"inv"
					]
				}
			},
			"response": []
		},
		{
			"name": "Lihat inventaris",
			"protocolProfileBehavior": {
				"disableBodyPruning": true
			},
			"request": {
				"auth": {
					"type": "apikey",
					"apikey": [
						{
							"key": "value",
							"value": "",
							"type": "string"
						},
						{
							"key": "key",
							"value": "authorization",
							"type": "string"
						},
						{
							"key": "in",
							"value": "header",
							"type": "string"
						}
					]
				},
				"method": "GET",
				"header": [
					{
						"key": "Content-Type",
						"name": "Content-Type",
						"value": "application/x-www-form-urlencoded",
						"type": "text"
					},
					{
						"key": "Content-Type",
						"value": "application/json",
						"type": "text"
					}
				],
				"body": {
					"mode": "urlencoded",
					"urlencoded": [],
					"options": {
						"raw": {
							"language": "json"
						}
					}
				},
				"url": {
					"raw": "localhost:4000/api/user/inv",
					"host": [
						"localhost"
					],
					"port": "4000",
					"path": [
						"api",
						"user",
						"inv"
					]
				}
			},
			"response": []
		},
		{
			"name": "Pinjam inventaris (user)",
			"request": {
				"auth": {
					"type": "apikey",
					"apikey": [
						{
							"key": "value",
							"value": "eyJhbGciOiJIUzI1NiIsInR5cCI6IkpXVCJ9.eyJyZXN1bHQiOnsidXNlcm5hbWUiOiJ5ZXllcyIsImVtYWlsIjoieWV5ZXMiLCJpZF91c2VyIjoyMn0sImlhdCI6MTU4MzQ4MDUxMCwiZXhwIjoxNTgzNDg0MTEwfQ.ox6YU1qWPnJegiwFqXyJ1ijBdy_r5PgKufwDvEqxsHo",
							"type": "string"
						},
						{
							"key": "key",
							"value": "authorization",
							"type": "string"
						},
						{
							"key": "in",
							"value": "header",
							"type": "string"
						}
					]
				},
				"method": "POST",
				"header": [
					{
						"key": "Content-Type",
						"name": "Content-Type",
						"value": "application/x-www-form-urlencoded",
						"type": "text"
					}
				],
				"body": {
					"mode": "urlencoded",
					"urlencoded": [
						{
							"key": "name",
							"value": "hape",
							"type": "text"
						},
						{
							"key": "kuantitas",
							"value": "5",
							"type": "text"
						}
					]
				},
				"url": {
					"raw": "localhost:4000/api/user/inv/loan",
					"host": [
						"localhost"
					],
					"port": "4000",
					"path": [
						"api",
						"user",
						"inv",
						"loan"
					]
				}
			},
			"response": []
		},
		{
			"name": "Edit inventaris (admin)",
			"request": {
				"auth": {
					"type": "apikey",
					"apikey": [
						{
							"key": "value",
							"value": "eyJhbGciOiJIUzI1NiIsInR5cCI6IkpXVCJ9.eyJyZXN1bHQiOnsidXNlcm5hbWUiOiJyb290IiwiZW1haWwiOiJyb290IiwiaWRfdXNlciI6MH0sImlhdCI6MTU4MzUxMTA3OCwiZXhwIjoxNTgzNTE0Njc4fQ.-7dQX3pn-2naCdYUskSbSC8TtOvRxqJ30FsKKMopBMY",
							"type": "string"
						},
						{
							"key": "key",
							"value": "authorization",
							"type": "string"
						},
						{
							"key": "in",
							"value": "header",
							"type": "string"
						}
					]
				},
				"method": "POST",
				"header": [
					{
						"key": "Content-Type",
						"name": "Content-Type",
						"value": "application/x-www-form-urlencoded",
						"type": "text"
					}
				],
				"body": {
					"mode": "urlencoded",
					"urlencoded": [
						{
							"key": "stok",
							"value": "2",
							"type": "text"
						},
						{
							"key": "desk",
							"value": "baru",
							"type": "text"
						},
						{
							"key": "stats",
							"value": "Hanya Pinjam",
							"type": "text"
						},
						{
							"key": "name",
							"value": "airpod",
							"type": "text"
						}
					]
				},
				"url": {
					"raw": "localhost:4000/api/user/inv/edit",
					"host": [
						"localhost"
					],
					"port": "4000",
					"path": [
						"api",
						"user",
						"inv",
						"edit"
					]
				}
			},
			"response": []
		},
		{
			"name": "Cek Aksi (user)",
			"protocolProfileBehavior": {
				"disableBodyPruning": true
			},
			"request": {
				"auth": {
					"type": "apikey",
					"apikey": [
						{
							"key": "value",
							"value": "eyJhbGciOiJIUzI1NiIsInR5cCI6IkpXVCJ9.eyJyZXN1bHQiOnsidXNlcm5hbWUiOiJ5ZXllcyIsImVtYWlsIjoieWV5ZXMiLCJpZF91c2VyIjoyMn0sImlhdCI6MTU4MzUzNTEyNiwiZXhwIjoxNTgzNTM4NzI2fQ.4puAMlRrXFDiEZBFEgTsqizOQds1JKP3LxVD1pZ7Xkk",
							"type": "string"
						},
						{
							"key": "key",
							"value": "authorization",
							"type": "string"
						},
						{
							"key": "in",
							"value": "header",
							"type": "string"
						}
					]
				},
				"method": "GET",
				"header": [
					{
						"key": "Content-Type",
						"name": "Content-Type",
						"value": "application/x-www-form-urlencoded",
						"type": "text"
					}
				],
				"body": {
					"mode": "urlencoded",
					"urlencoded": [
						{
							"key": "name",
							"value": "hape",
							"type": "text"
						},
						{
							"key": "kuantitas",
							"value": "5",
							"type": "text"
						}
					]
				},
				"url": {
					"raw": "localhost:4000/api/user/inv/loan",
					"host": [
						"localhost"
					],
					"port": "4000",
					"path": [
						"api",
						"user",
						"inv",
						"loan"
					]
				}
			},
			"response": []
		}
	],
	"protocolProfileBehavior": {}
}